Event Name,Start Time,End Time,Location
SXSW Keynote,09:00 AM,10:30 AM,Austin Convention Center
AI in Tech Panel,11:00 AM,12:00 PM,Hilton Austin
Startup Pitch,12:30 PM,02:00 PM,Capital Factory
Networking Lunch,01:00 PM,02:30 PM,JW Marriott
VR Ethics,02:30 PM,03:30 PM,Fairmont Austin
Web3 Future,03:00 PM,04:00 PM,Austin Convention Center
Happy Hour,05:00 PM,07:00 PM,Rainey Street
Closing Party,08:00 PM,11:00 PM,Stubbs BBQ
Design Thinking Workshop,10:00 AM,12:00 PM,Line Hotel
Robotics Showcase,01:30 PM,03:00 PM,Palmer Events Center
Fintech Disruption,04:00 PM,05:00 PM,Hilton Austin
Creator Economy,11:30 AM,12:30 PM,Fairmont Austin
Mental Health in Tech,09:30 AM,10:30 AM,JW Marriott
Sustainable Energy,02:00 PM,03:00 PM,Line Hotel
Quantum Computing,03:30 PM,04:30 PM,Capital Factory
